<?xml version="1.0" encoding="UTF-8" standalone="yes"?>
<comments xmlns="http://schemas.openxmlformats.org/spreadsheetml/2006/main" xmlns:mc="http://schemas.openxmlformats.org/markup-compatibility/2006" mc:Ignorable="xr" xmlns:xr="http://schemas.microsoft.com/office/spreadsheetml/2014/revision"><authors><author>ZhiXiang</author></authors><commentList><comment ref="B53" authorId="0" shapeId="0" xr:uid="{00000000-0006-0000-0000-000001000000}"><text><r><rPr><b/><sz val="9"/><color indexed="81"/><rFont val="Tahoma"/><family val="2"/></rPr><t>ZhiXiang:</t></r><r><rPr><sz val="9"/><color indexed="81"/><rFont val="Tahoma"/><family val="2"/></rPr><t xml:space="preserve">
</t></r></text></comment></commentList></comments>