<?xml version="1.0" encoding="UTF-8" standalone="yes"?>
<sst xmlns="http://schemas.openxmlformats.org/spreadsheetml/2006/main" count="196" uniqueCount="196"><si><t>YQQ0025011M</t></si><si><t>YQQ0026011M</t></si><si><t>YQQ0029011M</t></si><si><t>YQQ0030011M</t></si><si><t>YQQ0031011M</t></si><si><t>YQQ0032011M</t></si><si><t>YQQ0033011M</t></si><si><t>YQQ0034011M</t></si><si><t>YUU0005013M</t></si><si><t>YUU0006012M</t></si><si><t>YUU0007012M</t></si><si><t>YBK0011014M</t></si><si><t>#636EFA</t><phoneticPr fontId="5" type="noConversion"/></si><si><t>#EF553B</t><phoneticPr fontId="5" type="noConversion"/></si><si><t>#2CA02C</t></si><si><t>#D62728</t></si><si><t>#9467BD</t></si><si><t>#8C564B</t></si><si><t>#E377C2</t></si><si><t>#7F7F7F</t></si><si><t>#BCBD22</t></si><si><t>#17BECF</t></si><si><t>#3366CC</t><phoneticPr fontId="5" type="noConversion"/></si><si><t>#DC3912</t><phoneticPr fontId="5" type="noConversion"/></si><si><t>#FF9900</t><phoneticPr fontId="5" type="noConversion"/></si><si><t>#109618</t><phoneticPr fontId="5" type="noConversion"/></si><si><t>#990099</t><phoneticPr fontId="5" type="noConversion"/></si><si><t>#0099C6</t><phoneticPr fontId="5" type="noConversion"/></si><si><t>#DD4477</t><phoneticPr fontId="5" type="noConversion"/></si><si><t>#66AA00</t><phoneticPr fontId="5" type="noConversion"/></si><si><t>#B82E2E</t><phoneticPr fontId="5" type="noConversion"/></si><si><t>#316395</t><phoneticPr fontId="5" type="noConversion"/></si><si><t>#4C78A8</t><phoneticPr fontId="5" type="noConversion"/></si><si><t>#F58518</t><phoneticPr fontId="5" type="noConversion"/></si><si><t>#E45756</t><phoneticPr fontId="5" type="noConversion"/></si><si><t>#72B7B2</t><phoneticPr fontId="5" type="noConversion"/></si><si><t>#54A24B</t><phoneticPr fontId="5" type="noConversion"/></si><si><t>#EECA3B</t><phoneticPr fontId="5" type="noConversion"/></si><si><t>#B279A2</t><phoneticPr fontId="5" type="noConversion"/></si><si><t>#FF9DA6</t><phoneticPr fontId="5" type="noConversion"/></si><si><t>#9D755D</t><phoneticPr fontId="5" type="noConversion"/></si><si><t>#BAB0AC</t><phoneticPr fontId="5" type="noConversion"/></si><si><t>rgb(102, 197, 204)</t></si><si><t>rgb(246, 207, 113)</t><phoneticPr fontId="5" type="noConversion"/></si><si><t>rgb(248, 156, 116)</t></si><si><t>rgb(220, 176, 242)</t></si><si><t>rgb(135, 197, 95)</t></si><si><t>rgb(158, 185, 243)</t></si><si><t>rgb(254, 136, 177)</t></si><si><t>rgb(201, 219, 116)</t></si><si><t>rgb(139, 224, 164)</t></si><si><t>rgb(179, 179, 179)</t></si><si><t>rgb(255,255,179)</t><phoneticPr fontId="5" type="noConversion"/></si><si><t>rgb(190,186,218)</t><phoneticPr fontId="5" type="noConversion"/></si><si><t>rgb(251, 128, 114)</t><phoneticPr fontId="5" type="noConversion"/></si><si><t>rgb(128, 177, 211)</t><phoneticPr fontId="5" type="noConversion"/></si><si><t>rgb(253, 180, 98)</t><phoneticPr fontId="5" type="noConversion"/></si><si><t>rgb(179, 222, 105)</t><phoneticPr fontId="5" type="noConversion"/></si><si><t>rgb(252, 205, 229)</t><phoneticPr fontId="5" type="noConversion"/></si><si><t>rgb(217, 217, 217)</t><phoneticPr fontId="5" type="noConversion"/></si><si><t>rgb(188, 128, 189)</t><phoneticPr fontId="5" type="noConversion"/></si><si><t>rgb(204, 235, 197)</t><phoneticPr fontId="5" type="noConversion"/></si><si><t>rgb(255, 237, 111)</t><phoneticPr fontId="5" type="noConversion"/></si><si><t>rgb(136, 204, 238)</t><phoneticPr fontId="5" type="noConversion"/></si><si><t>rgb(204, 102, 119)</t><phoneticPr fontId="5" type="noConversion"/></si><si><t>rgb(221, 204, 119)</t><phoneticPr fontId="5" type="noConversion"/></si><si><t>rgb(17, 119, 51)</t><phoneticPr fontId="5" type="noConversion"/></si><si><t>rgb(51, 34, 136)</t><phoneticPr fontId="5" type="noConversion"/></si><si><t>rgb(170, 68, 153)</t><phoneticPr fontId="5" type="noConversion"/></si><si><t>rgb(68, 170, 153)</t><phoneticPr fontId="5" type="noConversion"/></si><si><t>rgb(153, 153, 51)</t><phoneticPr fontId="5" type="noConversion"/></si><si><t>rgb(136, 34, 85)</t><phoneticPr fontId="5" type="noConversion"/></si><si><t>rgb(102, 17, 0)</t><phoneticPr fontId="5" type="noConversion"/></si><si><t>rgb(136, 136, 136)</t><phoneticPr fontId="5" type="noConversion"/></si><si><t>rgb(229, 134, 6)</t><phoneticPr fontId="5" type="noConversion"/></si><si><t>rgb(93, 105, 177)</t><phoneticPr fontId="5" type="noConversion"/></si><si><t>rgb(82, 188, 163)</t><phoneticPr fontId="5" type="noConversion"/></si><si><t>rgb(153, 201, 69)</t><phoneticPr fontId="5" type="noConversion"/></si><si><t>rgb(204, 97, 176)</t><phoneticPr fontId="5" type="noConversion"/></si><si><t>rgb(36, 121, 108)</t><phoneticPr fontId="5" type="noConversion"/></si><si><t>rgb(218, 165, 27)</t><phoneticPr fontId="5" type="noConversion"/></si><si><t>rgb(47, 138, 196)</t><phoneticPr fontId="5" type="noConversion"/></si><si><t>rgb(118, 78, 159)</t><phoneticPr fontId="5" type="noConversion"/></si><si><t>rgb(237, 100, 90)</t><phoneticPr fontId="5" type="noConversion"/></si><si><t>rgb(165, 170, 153)</t><phoneticPr fontId="5" type="noConversion"/></si><si><t>rgb(141, 121, 199)</t><phoneticPr fontId="5" type="noConversion"/></si><si><t>rgb(27, 158, 119)</t><phoneticPr fontId="5" type="noConversion"/></si><si><t>rgb(217, 95, 2)</t><phoneticPr fontId="5" type="noConversion"/></si><si><t>rgb(117, 112, 179)</t><phoneticPr fontId="5" type="noConversion"/></si><si><t>rgb(231, 41, 138)</t><phoneticPr fontId="5" type="noConversion"/></si><si><t>rgb(102, 166, 30)</t><phoneticPr fontId="5" type="noConversion"/></si><si><t>rgb(230, 171, 2)</t><phoneticPr fontId="5" type="noConversion"/></si><si><t>rgb(166, 118, 29)</t><phoneticPr fontId="5" type="noConversion"/></si><si><t>rgb(102, 102, 102)</t><phoneticPr fontId="5" type="noConversion"/></si><si><t>rgb(133, 92, 117)</t><phoneticPr fontId="5" type="noConversion"/></si><si><t>rgb(217, 175, 107)</t><phoneticPr fontId="5" type="noConversion"/></si><si><t>rgb(175, 100, 88)</t><phoneticPr fontId="5" type="noConversion"/></si><si><t>rgb(115, 111, 76)</t><phoneticPr fontId="5" type="noConversion"/></si><si><t>rgb(82, 106, 131)</t><phoneticPr fontId="5" type="noConversion"/></si><si><t>rgb(98, 83, 119)</t><phoneticPr fontId="5" type="noConversion"/></si><si><t>rgb(104, 133, 92)</t><phoneticPr fontId="5" type="noConversion"/></si><si><t>rgb(156, 156, 94)</t><phoneticPr fontId="5" type="noConversion"/></si><si><t>rgb(160, 97, 119)</t><phoneticPr fontId="5" type="noConversion"/></si><si><t>rgb(140, 120, 93)</t><phoneticPr fontId="5" type="noConversion"/></si><si><t>rgb(124, 124, 124)</t><phoneticPr fontId="5" type="noConversion"/></si><si><t>rgb(95, 70, 144)</t><phoneticPr fontId="5" type="noConversion"/></si><si><t>rgb(29, 105, 150)</t><phoneticPr fontId="5" type="noConversion"/></si><si><t>rgb(56, 166, 165)</t><phoneticPr fontId="5" type="noConversion"/></si><si><t>#AB63FA</t><phoneticPr fontId="5" type="noConversion"/></si><si><t>#FFA15A</t><phoneticPr fontId="5" type="noConversion"/></si><si><t>#19D3F3</t><phoneticPr fontId="5" type="noConversion"/></si><si><t>#FF6692</t><phoneticPr fontId="5" type="noConversion"/></si><si><t>#B6E880</t><phoneticPr fontId="5" type="noConversion"/></si><si><t>#FF97FF</t><phoneticPr fontId="5" type="noConversion"/></si><si><t>#FECB52</t><phoneticPr fontId="5" type="noConversion"/></si><si><t>#1F77B4</t><phoneticPr fontId="5" type="noConversion"/></si><si><t>#FF7F0E</t><phoneticPr fontId="5" type="noConversion"/></si><si><t>#00CC96</t><phoneticPr fontId="5" type="noConversion"/></si><si><t>#999999</t></si><si><t>YQQ0023012M</t></si><si><t>YQQ0024012M</t></si><si><t>換模</t><phoneticPr fontId="5" type="noConversion"/></si><si><t>ZUE1131124M</t></si><si><t>ZGS1149123M</t></si><si><t>ZCM1154125M</t></si><si><t>ZCM1138122M</t></si><si><t>ZGS1148123M</t></si><si><t>ZKB1335125M</t></si><si><t>ZKB1311125M</t></si><si><t>ZSS1142122M</t></si><si><t>ZSS1143122M</t></si><si><t>ZUE1141123M</t></si><si><t>ZQI1223124M</t></si><si><t>ZUE1148122M</t></si><si><t>ZCM1142122M</t></si><si><t>ZQI1211122M</t></si><si><t>ZCN1241122M</t></si><si><t>ZBT1113123M</t></si><si><t>ZUE1152122M</t></si><si><t>ZUE1153123M</t></si><si><t>ZCM1153124M</t></si><si><t>ZCM1125126M</t></si><si><t>ZBT1112122M</t></si><si><t>ZQI1149124M</t></si><si><t>ZCM1123127M</t></si><si><t>ZCM1141123M</t></si><si><t>ZCN1152124M</t></si><si><t>ZCN1151124M</t></si><si><t>ZUE1149122M</t></si><si><t>ZGS1162123M</t></si><si><t>ZGS1140123M</t></si><si><t>ZGS1163123M</t></si><si><t>ZQI1212122M</t></si><si><t>ZQI1110125M</t></si><si><t>ZCM1122127M</t></si><si><t>ZKB1336124M</t></si><si><t>ZQI1120127M</t></si><si><t>ZNM1173122M</t></si><si><t>ZGS1179122M</t></si><si><t>ZCN1101123M</t></si><si><t>ZUE1151122M</t></si><si><t>ZGS1150123M</t></si><si><t>ZGS1178122M</t></si><si><t>ZGS1174122M</t></si><si><t>ZGS1161123M</t></si><si><t>ZKB1298123M</t></si><si><t>ZQI1259122M</t></si><si><t>ZGS1175122M</t></si><si><t>ZHN1109122M</t></si><si><t>ZHN1100122M</t></si><si><t>ZGS1173122M</t></si><si><t>ZGS1172122M</t></si><si><t>ZGS1177122M</t></si><si><t>ZCN1230122M</t></si><si><t>ZSS1144122M</t></si><si><t>ZGS1176122M</t></si><si><t>ZNM1172122M</t></si><si><t>ZHN1106122M</t></si><si><t>ZHN1105122M</t></si><si><t>ZCN1180124M</t></si><si><t>ZSS1134123M</t></si><si><t>ZSS1135123M</t></si><si><t>ZIO1154122M</t></si><si><t>ZIP1129123M</t></si><si><t>ZQI1129125M</t></si><si><t>ZSS1163123M</t></si><si><t>ZKB1312125M</t></si><si><t>ZDM1214133M</t></si><si><t>ZKB1334125M</t></si><si><t>ZEN1120125M</t></si><si><t>ZQI1161125M</t></si><si><t>ZHN1194123M</t></si><si><t>ZKB1297123M</t></si><si><t>ZQI1119123M</t></si><si><t>ZIP1128124M</t></si><si><t>ZEN1129125M</t></si></sst>