<?xml version="1.0" encoding="UTF-8" standalone="yes"?>
<styleSheet xmlns="http://schemas.openxmlformats.org/spreadsheetml/2006/main" xmlns:mc="http://schemas.openxmlformats.org/markup-compatibility/2006" mc:Ignorable="x14ac x16r2 xr" xmlns:x14ac="http://schemas.microsoft.com/office/spreadsheetml/2009/9/ac" xmlns:x16r2="http://schemas.microsoft.com/office/spreadsheetml/2015/02/main" xmlns:xr="http://schemas.microsoft.com/office/spreadsheetml/2014/revision"><fonts count="10"><font><sz val="12"/><color theme="1"/><name val="新細明體"/><family val="2"/><charset val="136"/><scheme val="minor"/></font><font><sz val="12"/><color rgb="FF006100"/><name val="新細明體"/><family val="2"/><charset val="136"/><scheme val="minor"/></font><font><sz val="12"/><color rgb="FF9C0006"/><name val="新細明體"/><family val="2"/><charset val="136"/><scheme val="minor"/></font><font><sz val="12"/><color rgb="FF3F3F76"/><name val="新細明體"/><family val="2"/><charset val="136"/><scheme val="minor"/></font><font><sz val="12"/><color theme="0"/><name val="新細明體"/><family val="2"/><charset val="136"/><scheme val="minor"/></font><font><sz val="9"/><name val="新細明體"/><family val="2"/><charset val="136"/><scheme val="minor"/></font><font><sz val="9"/><color indexed="81"/><name val="Tahoma"/><family val="2"/></font><font><b/><sz val="9"/><color indexed="81"/><name val="Tahoma"/><family val="2"/></font><font><sz val="12"/><color rgb="FFDC3912"/><name val="新細明體"/><family val="2"/><charset val="136"/><scheme val="minor"/></font><font><sz val="12"/><name val="新細明體"/><family val="1"/><charset val="136"/><scheme val="minor"/></font></fonts><fills count="118"><fill><patternFill patternType="none"/></fill><fill><patternFill patternType="gray125"/></fill><fill><patternFill patternType="solid"><fgColor rgb="FFC6EFCE"/></patternFill></fill><fill><patternFill patternType="solid"><fgColor rgb="FFFFC7CE"/></patternFill></fill><fill><patternFill patternType="solid"><fgColor rgb="FFFFCC99"/></patternFill></fill><fill><patternFill patternType="solid"><fgColor theme="8" tint="0.39997558519241921"/><bgColor indexed="65"/></patternFill></fill><fill><patternFill patternType="solid"><fgColor theme="2"/><bgColor indexed="64"/></patternFill></fill><fill><patternFill patternType="solid"><fgColor theme="5" tint="0.79998168889431442"/><bgColor indexed="64"/></patternFill></fill><fill><patternFill patternType="solid"><fgColor theme="3" tint="0.59999389629810485"/><bgColor indexed="64"/></patternFill></fill><fill><patternFill patternType="solid"><fgColor theme="9" tint="0.59999389629810485"/><bgColor indexed="64"/></patternFill></fill><fill><patternFill patternType="solid"><fgColor rgb="FFE7298A"/><bgColor indexed="64"/></patternFill></fill><fill><patternFill patternType="solid"><fgColor rgb="FF66A61E"/><bgColor indexed="64"/></patternFill></fill><fill><patternFill patternType="solid"><fgColor rgb="FFE6AB02"/><bgColor indexed="64"/></patternFill></fill><fill><patternFill patternType="solid"><fgColor rgb="FFA6761D"/><bgColor indexed="64"/></patternFill></fill><fill><patternFill patternType="solid"><fgColor rgb="FF666666"/><bgColor indexed="64"/></patternFill></fill><fill><patternFill patternType="solid"><fgColor rgb="FF855C75"/><bgColor indexed="64"/></patternFill></fill><fill><patternFill patternType="solid"><fgColor rgb="FFD9AF6B"/><bgColor indexed="64"/></patternFill></fill><fill><patternFill patternType="solid"><fgColor rgb="FFAF6458"/><bgColor indexed="64"/></patternFill></fill><fill><patternFill patternType="solid"><fgColor rgb="FF736F4C"/><bgColor indexed="64"/></patternFill></fill><fill><patternFill patternType="solid"><fgColor rgb="FF526A83"/><bgColor indexed="64"/></patternFill></fill><fill><patternFill patternType="solid"><fgColor rgb="FF625377"/><bgColor indexed="64"/></patternFill></fill><fill><patternFill patternType="solid"><fgColor rgb="FF68855C"/><bgColor indexed="64"/></patternFill></fill><fill><patternFill patternType="solid"><fgColor rgb="FF9C9C5E"/><bgColor indexed="64"/></patternFill></fill><fill><patternFill patternType="solid"><fgColor rgb="FFA06177"/><bgColor indexed="64"/></patternFill></fill><fill><patternFill patternType="solid"><fgColor rgb="FF8C785D"/><bgColor indexed="64"/></patternFill></fill><fill><patternFill patternType="solid"><fgColor rgb="FF7C7C7C"/><bgColor indexed="64"/></patternFill></fill><fill><patternFill patternType="solid"><fgColor rgb="FF636EFA"/><bgColor indexed="64"/></patternFill></fill><fill><patternFill patternType="solid"><fgColor rgb="FFEF553B"/><bgColor indexed="64"/></patternFill></fill><fill><patternFill patternType="solid"><fgColor rgb="FF00CC96"/><bgColor indexed="64"/></patternFill></fill><fill><patternFill patternType="solid"><fgColor rgb="FFAB63FA"/><bgColor indexed="64"/></patternFill></fill><fill><patternFill patternType="solid"><fgColor rgb="FFFFA15A"/><bgColor indexed="64"/></patternFill></fill><fill><patternFill patternType="solid"><fgColor rgb="FF19D3F3"/><bgColor indexed="64"/></patternFill></fill><fill><patternFill patternType="solid"><fgColor rgb="FFFF6692"/><bgColor indexed="64"/></patternFill></fill><fill><patternFill patternType="solid"><fgColor rgb="FFB6E880"/><bgColor indexed="64"/></patternFill></fill><fill><patternFill patternType="solid"><fgColor rgb="FFFF97FF"/><bgColor indexed="64"/></patternFill></fill><fill><patternFill patternType="solid"><fgColor rgb="FFFECB52"/><bgColor indexed="64"/></patternFill></fill><fill><patternFill patternType="solid"><fgColor rgb="FF1F77B4"/><bgColor indexed="64"/></patternFill></fill><fill><patternFill patternType="solid"><fgColor rgb="FFFF7F0E"/><bgColor indexed="64"/></patternFill></fill><fill><patternFill patternType="solid"><fgColor rgb="FF2CA02C"/><bgColor indexed="64"/></patternFill></fill><fill><patternFill patternType="solid"><fgColor rgb="FFD62728"/><bgColor indexed="64"/></patternFill></fill><fill><patternFill patternType="solid"><fgColor rgb="FF9467BD"/><bgColor indexed="64"/></patternFill></fill><fill><patternFill patternType="solid"><fgColor rgb="FF8C564B"/><bgColor indexed="64"/></patternFill></fill><fill><patternFill patternType="solid"><fgColor rgb="FFE377C2"/><bgColor indexed="64"/></patternFill></fill><fill><patternFill patternType="solid"><fgColor rgb="FF7F7F7F"/><bgColor indexed="64"/></patternFill></fill><fill><patternFill patternType="solid"><fgColor rgb="FFBCBD22"/><bgColor indexed="64"/></patternFill></fill><fill><patternFill patternType="solid"><fgColor rgb="FF17BECF"/><bgColor indexed="64"/></patternFill></fill><fill><patternFill patternType="solid"><fgColor rgb="FF3366CC"/><bgColor indexed="64"/></patternFill></fill><fill><patternFill patternType="solid"><fgColor rgb="FFDC3912"/><bgColor indexed="64"/></patternFill></fill><fill><patternFill patternType="solid"><fgColor rgb="FFFF9900"/><bgColor indexed="64"/></patternFill></fill><fill><patternFill patternType="solid"><fgColor rgb="FF109618"/><bgColor indexed="64"/></patternFill></fill><fill><patternFill patternType="solid"><fgColor rgb="FF990099"/><bgColor indexed="64"/></patternFill></fill><fill><patternFill patternType="solid"><fgColor rgb="FF0099C6"/><bgColor indexed="64"/></patternFill></fill><fill><patternFill patternType="solid"><fgColor rgb="FFDD4477"/><bgColor indexed="64"/></patternFill></fill><fill><patternFill patternType="solid"><fgColor rgb="FF66AA00"/><bgColor indexed="64"/></patternFill></fill><fill><patternFill patternType="solid"><fgColor rgb="FFB82E2E"/><bgColor indexed="64"/></patternFill></fill><fill><patternFill patternType="solid"><fgColor rgb="FF316395"/><bgColor indexed="64"/></patternFill></fill><fill><patternFill patternType="solid"><fgColor rgb="FF4C78A8"/><bgColor indexed="64"/></patternFill></fill><fill><patternFill patternType="solid"><fgColor rgb="FFF58518"/><bgColor indexed="64"/></patternFill></fill><fill><patternFill patternType="solid"><fgColor rgb="FFE45756"/><bgColor indexed="64"/></patternFill></fill><fill><patternFill patternType="solid"><fgColor rgb="FF72B7B2"/><bgColor indexed="64"/></patternFill></fill><fill><patternFill patternType="solid"><fgColor rgb="FF54A24B"/><bgColor indexed="64"/></patternFill></fill><fill><patternFill patternType="solid"><fgColor rgb="FFEECA3B"/><bgColor indexed="64"/></patternFill></fill><fill><patternFill patternType="solid"><fgColor rgb="FFB279A2"/><bgColor indexed="64"/></patternFill></fill><fill><patternFill patternType="solid"><fgColor rgb="FFFF9DA6"/><bgColor indexed="64"/></patternFill></fill><fill><patternFill patternType="solid"><fgColor rgb="FF9D755D"/><bgColor indexed="64"/></patternFill></fill><fill><patternFill patternType="solid"><fgColor rgb="FFBAB0AC"/><bgColor indexed="64"/></patternFill></fill><fill><patternFill patternType="solid"><fgColor rgb="FF7570B3"/><bgColor indexed="64"/></patternFill></fill><fill><patternFill patternType="solid"><fgColor rgb="FFD95F02"/><bgColor indexed="64"/></patternFill></fill><fill><patternFill patternType="solid"><fgColor rgb="FF1B9E77"/><bgColor indexed="64"/></patternFill></fill><fill><patternFill patternType="solid"><fgColor rgb="FFE58606"/><bgColor indexed="64"/></patternFill></fill><fill><patternFill patternType="solid"><fgColor rgb="FF5D69B1"/><bgColor indexed="64"/></patternFill></fill><fill><patternFill patternType="solid"><fgColor rgb="FF52BCA3"/><bgColor indexed="64"/></patternFill></fill><fill><patternFill patternType="solid"><fgColor rgb="FF99C945"/><bgColor indexed="64"/></patternFill></fill><fill><patternFill patternType="solid"><fgColor rgb="FFCC61B0"/><bgColor indexed="64"/></patternFill></fill><fill><patternFill patternType="solid"><fgColor rgb="FF24796C"/><bgColor indexed="64"/></patternFill></fill><fill><patternFill patternType="solid"><fgColor rgb="FFDAA51B"/><bgColor indexed="64"/></patternFill></fill><fill><patternFill patternType="solid"><fgColor rgb="FF2F8AC4"/><bgColor indexed="64"/></patternFill></fill><fill><patternFill patternType="solid"><fgColor rgb="FF764E9F"/><bgColor indexed="64"/></patternFill></fill><fill><patternFill patternType="solid"><fgColor rgb="FFED645A"/><bgColor indexed="64"/></patternFill></fill><fill><patternFill patternType="solid"><fgColor rgb="FFA5AA99"/><bgColor indexed="64"/></patternFill></fill><fill><patternFill patternType="solid"><fgColor rgb="FF66C5CC"/><bgColor indexed="64"/></patternFill></fill><fill><patternFill patternType="solid"><fgColor rgb="FFF6CF71"/><bgColor indexed="64"/></patternFill></fill><fill><patternFill patternType="solid"><fgColor rgb="FFF89C74"/><bgColor indexed="64"/></patternFill></fill><fill><patternFill patternType="solid"><fgColor rgb="FFDCB0F2"/><bgColor indexed="64"/></patternFill></fill><fill><patternFill patternType="solid"><fgColor rgb="FF87C55F"/><bgColor indexed="64"/></patternFill></fill><fill><patternFill patternType="solid"><fgColor rgb="FF9EB9F3"/><bgColor indexed="64"/></patternFill></fill><fill><patternFill patternType="solid"><fgColor rgb="FFFE88B1"/><bgColor indexed="64"/></patternFill></fill><fill><patternFill patternType="solid"><fgColor rgb="FFC9DB74"/><bgColor indexed="64"/></patternFill></fill><fill><patternFill patternType="solid"><fgColor rgb="FF8BE0A4"/><bgColor indexed="64"/></patternFill></fill><fill><patternFill patternType="solid"><fgColor rgb="FFB3B3B3"/><bgColor indexed="64"/></patternFill></fill><fill><patternFill patternType="solid"><fgColor rgb="FF8D79C7"/><bgColor indexed="64"/></patternFill></fill><fill><patternFill patternType="solid"><fgColor rgb="FFFFFFB3"/><bgColor indexed="64"/></patternFill></fill><fill><patternFill patternType="solid"><fgColor rgb="FFBEBADA"/><bgColor indexed="64"/></patternFill></fill><fill><patternFill patternType="solid"><fgColor rgb="FFFB8072"/><bgColor indexed="64"/></patternFill></fill><fill><patternFill patternType="solid"><fgColor rgb="FF80B1D3"/><bgColor indexed="64"/></patternFill></fill><fill><patternFill patternType="solid"><fgColor rgb="FFFDB462"/><bgColor indexed="64"/></patternFill></fill><fill><patternFill patternType="solid"><fgColor rgb="FFB3DE69"/><bgColor indexed="64"/></patternFill></fill><fill><patternFill patternType="solid"><fgColor rgb="FFFCCDE5"/><bgColor indexed="64"/></patternFill></fill><fill><patternFill patternType="solid"><fgColor rgb="FFD9D9D9"/><bgColor indexed="64"/></patternFill></fill><fill><patternFill patternType="solid"><fgColor rgb="FFBC80BD"/><bgColor indexed="64"/></patternFill></fill><fill><patternFill patternType="solid"><fgColor rgb="FFCCEBC5"/><bgColor indexed="64"/></patternFill></fill><fill><patternFill patternType="solid"><fgColor rgb="FFFFED6F"/><bgColor indexed="64"/></patternFill></fill><fill><patternFill patternType="solid"><fgColor rgb="FF88CCEE"/><bgColor indexed="64"/></patternFill></fill><fill><patternFill patternType="solid"><fgColor rgb="FFCC6677"/><bgColor indexed="64"/></patternFill></fill><fill><patternFill patternType="solid"><fgColor rgb="FFDDCC77"/><bgColor indexed="64"/></patternFill></fill><fill><patternFill patternType="solid"><fgColor rgb="FF117733"/><bgColor indexed="64"/></patternFill></fill><fill><patternFill patternType="solid"><fgColor rgb="FF332288"/><bgColor indexed="64"/></patternFill></fill><fill><patternFill patternType="solid"><fgColor rgb="FFAA4499"/><bgColor indexed="64"/></patternFill></fill><fill><patternFill patternType="solid"><fgColor rgb="FF44AA99"/><bgColor indexed="64"/></patternFill></fill><fill><patternFill patternType="solid"><fgColor rgb="FF999933"/><bgColor indexed="64"/></patternFill></fill><fill><patternFill patternType="solid"><fgColor rgb="FF882255"/><bgColor indexed="64"/></patternFill></fill><fill><patternFill patternType="solid"><fgColor rgb="FF661100"/><bgColor indexed="64"/></patternFill></fill><fill><patternFill patternType="solid"><fgColor rgb="FF888888"/><bgColor indexed="64"/></patternFill></fill><fill><patternFill patternType="solid"><fgColor rgb="FF5F4690"/><bgColor indexed="64"/></patternFill></fill><fill><patternFill patternType="solid"><fgColor rgb="FF1D6996"/><bgColor indexed="64"/></patternFill></fill><fill><patternFill patternType="solid"><fgColor rgb="FF38A6A5"/><bgColor indexed="64"/></patternFill></fill><fill><patternFill patternType="solid"><fgColor rgb="FF999999"/><bgColor indexed="64"/></patternFill></fill><fill><patternFill patternType="solid"><fgColor rgb="FFFFFF00"/><bgColor indexed="64"/></patternFill></fill></fills><borders count="2"><border><left/><right/><top/><bottom/><diagonal/></border><border><left style="thin"><color rgb="FF7F7F7F"/></left><right style="thin"><color rgb="FF7F7F7F"/></right><top style="thin"><color rgb="FF7F7F7F"/></top><bottom style="thin"><color rgb="FF7F7F7F"/></bottom><diagonal/></border></borders><cellStyleXfs count="5"><xf numFmtId="0" fontId="0" fillId="0" borderId="0"><alignment vertical="center"/></xf><xf numFmtId="0" fontId="1" fillId="2" borderId="0" applyNumberFormat="0" applyBorder="0" applyAlignment="0" applyProtection="0"><alignment vertical="center"/></xf><xf numFmtId="0" fontId="2" fillId="3" borderId="0" applyNumberFormat="0" applyBorder="0" applyAlignment="0" applyProtection="0"><alignment vertical="center"/></xf><xf numFmtId="0" fontId="3" fillId="4" borderId="1" applyNumberFormat="0" applyAlignment="0" applyProtection="0"><alignment vertical="center"/></xf><xf numFmtId="0" fontId="4" fillId="5" borderId="0" applyNumberFormat="0" applyBorder="0" applyAlignment="0" applyProtection="0"><alignment vertical="center"/></xf></cellStyleXfs><cellXfs count="122"><xf numFmtId="0" fontId="0" fillId="0" borderId="0" xfId="0"><alignment vertical="center"/></xf><xf numFmtId="0" fontId="0" fillId="6" borderId="0" xfId="0" applyFill="1"><alignment vertical="center"/></xf><xf numFmtId="0" fontId="0" fillId="7" borderId="0" xfId="0" applyFill="1"><alignment vertical="center"/></xf><xf numFmtId="0" fontId="3" fillId="4" borderId="1" xfId="3"><alignment vertical="center"/></xf><xf numFmtId="0" fontId="1" fillId="2" borderId="0" xfId="1"><alignment vertical="center"/></xf><xf numFmtId="0" fontId="2" fillId="3" borderId="0" xfId="2"><alignment vertical="center"/></xf><xf numFmtId="0" fontId="4" fillId="5" borderId="0" xfId="4"><alignment vertical="center"/></xf><xf numFmtId="0" fontId="0" fillId="8" borderId="0" xfId="0" applyFill="1"><alignment vertical="center"/></xf><xf numFmtId="0" fontId="0" fillId="9" borderId="0" xfId="0" applyFill="1"><alignment vertical="center"/></xf><xf numFmtId="0" fontId="0" fillId="0" borderId="0" xfId="0"><alignment vertical="center"/></xf><xf numFmtId="0" fontId="0" fillId="0" borderId="0" xfId="0" applyAlignment="1"/><xf numFmtId="0" fontId="0" fillId="10" borderId="0" xfId="0" applyFill="1"><alignment vertical="center"/></xf><xf numFmtId="0" fontId="0" fillId="11" borderId="0" xfId="0" applyFill="1"><alignment vertical="center"/></xf><xf numFmtId="0" fontId="0" fillId="12" borderId="0" xfId="0" applyFill="1"><alignment vertical="center"/></xf><xf numFmtId="0" fontId="0" fillId="13" borderId="0" xfId="0" applyFill="1"><alignment vertical="center"/></xf><xf numFmtId="0" fontId="0" fillId="14" borderId="0" xfId="0" applyFill="1"><alignment vertical="center"/></xf><xf numFmtId="0" fontId="0" fillId="15" borderId="0" xfId="0" applyFill="1"><alignment vertical="center"/></xf><xf numFmtId="0" fontId="0" fillId="16" borderId="0" xfId="0" applyFill="1"><alignment vertical="center"/></xf><xf numFmtId="0" fontId="0" fillId="17" borderId="0" xfId="0" applyFill="1"><alignment vertical="center"/></xf><xf numFmtId="0" fontId="0" fillId="18" borderId="0" xfId="0" applyFill="1"><alignment vertical="center"/></xf><xf numFmtId="0" fontId="0" fillId="19" borderId="0" xfId="0" applyFill="1"><alignment vertical="center"/></xf><xf numFmtId="0" fontId="0" fillId="20" borderId="0" xfId="0" applyFill="1"><alignment vertical="center"/></xf><xf numFmtId="0" fontId="0" fillId="21" borderId="0" xfId="0" applyFill="1"><alignment vertical="center"/></xf><xf numFmtId="0" fontId="0" fillId="22" borderId="0" xfId="0" applyFill="1"><alignment vertical="center"/></xf><xf numFmtId="0" fontId="0" fillId="23" borderId="0" xfId="0" applyFill="1"><alignment vertical="center"/></xf><xf numFmtId="0" fontId="0" fillId="24" borderId="0" xfId="0" applyFill="1"><alignment vertical="center"/></xf><xf numFmtId="0" fontId="0" fillId="25" borderId="0" xfId="0" applyFill="1"><alignment vertical="center"/></xf><xf numFmtId="0" fontId="0" fillId="26" borderId="0" xfId="0" applyFill="1"><alignment vertical="center"/></xf><xf numFmtId="0" fontId="0" fillId="27" borderId="0" xfId="0" applyFill="1"><alignment vertical="center"/></xf><xf numFmtId="0" fontId="0" fillId="28" borderId="0" xfId="0" applyFill="1"><alignment vertical="center"/></xf><xf numFmtId="0" fontId="0" fillId="29" borderId="0" xfId="0" applyFill="1"><alignment vertical="center"/></xf><xf numFmtId="0" fontId="0" fillId="30" borderId="0" xfId="0" applyFill="1"><alignment vertical="center"/></xf><xf numFmtId="0" fontId="0" fillId="31" borderId="0" xfId="0" applyFill="1"><alignment vertical="center"/></xf><xf numFmtId="0" fontId="0" fillId="32" borderId="0" xfId="0" applyFill="1"><alignment vertical="center"/></xf><xf numFmtId="0" fontId="0" fillId="33" borderId="0" xfId="0" applyFill="1"><alignment vertical="center"/></xf><xf numFmtId="0" fontId="0" fillId="34" borderId="0" xfId="0" applyFill="1"><alignment vertical="center"/></xf><xf numFmtId="0" fontId="0" fillId="35" borderId="0" xfId="0" applyFill="1"><alignment vertical="center"/></xf><xf numFmtId="0" fontId="0" fillId="36" borderId="0" xfId="0" applyFill="1"><alignment vertical="center"/></xf><xf numFmtId="0" fontId="0" fillId="37" borderId="0" xfId="0" applyFill="1"><alignment vertical="center"/></xf><xf numFmtId="0" fontId="0" fillId="38" borderId="0" xfId="0" applyFill="1"><alignment vertical="center"/></xf><xf numFmtId="0" fontId="0" fillId="39" borderId="0" xfId="0" applyFill="1"><alignment vertical="center"/></xf><xf numFmtId="0" fontId="0" fillId="40" borderId="0" xfId="0" applyFill="1"><alignment vertical="center"/></xf><xf numFmtId="0" fontId="0" fillId="41" borderId="0" xfId="0" applyFill="1"><alignment vertical="center"/></xf><xf numFmtId="0" fontId="0" fillId="42" borderId="0" xfId="0" applyFill="1"><alignment vertical="center"/></xf><xf numFmtId="0" fontId="0" fillId="43" borderId="0" xfId="0" applyFill="1"><alignment vertical="center"/></xf><xf numFmtId="0" fontId="0" fillId="44" borderId="0" xfId="0" applyFill="1"><alignment vertical="center"/></xf><xf numFmtId="0" fontId="0" fillId="45" borderId="0" xfId="0" applyFill="1"><alignment vertical="center"/></xf><xf numFmtId="0" fontId="0" fillId="46" borderId="0" xfId="0" applyFill="1"><alignment vertical="center"/></xf><xf numFmtId="0" fontId="8" fillId="47" borderId="0" xfId="0" applyFont="1" applyFill="1"><alignment vertical="center"/></xf><xf numFmtId="0" fontId="0" fillId="48" borderId="0" xfId="0" applyFill="1"><alignment vertical="center"/></xf><xf numFmtId="0" fontId="0" fillId="49" borderId="0" xfId="0" applyFill="1"><alignment vertical="center"/></xf><xf numFmtId="0" fontId="0" fillId="50" borderId="0" xfId="0" applyFill="1"><alignment vertical="center"/></xf><xf numFmtId="0" fontId="0" fillId="51" borderId="0" xfId="0" applyFill="1"><alignment vertical="center"/></xf><xf numFmtId="0" fontId="0" fillId="52" borderId="0" xfId="0" applyFill="1"><alignment vertical="center"/></xf><xf numFmtId="0" fontId="0" fillId="53" borderId="0" xfId="0" applyFill="1"><alignment vertical="center"/></xf><xf numFmtId="0" fontId="0" fillId="54" borderId="0" xfId="0" applyFill="1"><alignment vertical="center"/></xf><xf numFmtId="0" fontId="0" fillId="55" borderId="0" xfId="0" applyFill="1"><alignment vertical="center"/></xf><xf numFmtId="0" fontId="0" fillId="56" borderId="0" xfId="0" applyFill="1"><alignment vertical="center"/></xf><xf numFmtId="0" fontId="0" fillId="57" borderId="0" xfId="0" applyFill="1"><alignment vertical="center"/></xf><xf numFmtId="0" fontId="0" fillId="58" borderId="0" xfId="0" applyFill="1"><alignment vertical="center"/></xf><xf numFmtId="0" fontId="0" fillId="59" borderId="0" xfId="0" applyFill="1"><alignment vertical="center"/></xf><xf numFmtId="0" fontId="0" fillId="60" borderId="0" xfId="0" applyFill="1"><alignment vertical="center"/></xf><xf numFmtId="0" fontId="0" fillId="0" borderId="0" xfId="0" applyFill="1"><alignment vertical="center"/></xf><xf numFmtId="0" fontId="0" fillId="61" borderId="0" xfId="0" applyFill="1"><alignment vertical="center"/></xf><xf numFmtId="0" fontId="0" fillId="62" borderId="0" xfId="0" applyFill="1"><alignment vertical="center"/></xf><xf numFmtId="0" fontId="0" fillId="63" borderId="0" xfId="0" applyFill="1"><alignment vertical="center"/></xf><xf numFmtId="0" fontId="0" fillId="64" borderId="0" xfId="0" applyFill="1"><alignment vertical="center"/></xf><xf numFmtId="0" fontId="0" fillId="65" borderId="0" xfId="0" applyFill="1"><alignment vertical="center"/></xf><xf numFmtId="0" fontId="0" fillId="66" borderId="0" xfId="0" applyFill="1"><alignment vertical="center"/></xf><xf numFmtId="0" fontId="0" fillId="67" borderId="0" xfId="0" applyFill="1"><alignment vertical="center"/></xf><xf numFmtId="0" fontId="0" fillId="68" borderId="0" xfId="0" applyFill="1"><alignment vertical="center"/></xf><xf numFmtId="0" fontId="0" fillId="69" borderId="0" xfId="0" applyFill="1"><alignment vertical="center"/></xf><xf numFmtId="0" fontId="0" fillId="70" borderId="0" xfId="0" applyFill="1"><alignment vertical="center"/></xf><xf numFmtId="0" fontId="0" fillId="71" borderId="0" xfId="0" applyFill="1"><alignment vertical="center"/></xf><xf numFmtId="0" fontId="0" fillId="72" borderId="0" xfId="0" applyFill="1"><alignment vertical="center"/></xf><xf numFmtId="0" fontId="0" fillId="73" borderId="0" xfId="0" applyFill="1"><alignment vertical="center"/></xf><xf numFmtId="0" fontId="0" fillId="74" borderId="0" xfId="0" applyFill="1"><alignment vertical="center"/></xf><xf numFmtId="0" fontId="0" fillId="75" borderId="0" xfId="0" applyFill="1"><alignment vertical="center"/></xf><xf numFmtId="0" fontId="0" fillId="76" borderId="0" xfId="0" applyFill="1"><alignment vertical="center"/></xf><xf numFmtId="0" fontId="0" fillId="77" borderId="0" xfId="0" applyFill="1"><alignment vertical="center"/></xf><xf numFmtId="0" fontId="0" fillId="78" borderId="0" xfId="0" applyFill="1"><alignment vertical="center"/></xf><xf numFmtId="0" fontId="0" fillId="79" borderId="0" xfId="0" applyFill="1"><alignment vertical="center"/></xf><xf numFmtId="0" fontId="0" fillId="80" borderId="0" xfId="0" applyFill="1"><alignment vertical="center"/></xf><xf numFmtId="0" fontId="0" fillId="81" borderId="0" xfId="0" applyFill="1"><alignment vertical="center"/></xf><xf numFmtId="0" fontId="0" fillId="82" borderId="0" xfId="0" applyFill="1"><alignment vertical="center"/></xf><xf numFmtId="0" fontId="0" fillId="83" borderId="0" xfId="0" applyFill="1"><alignment vertical="center"/></xf><xf numFmtId="0" fontId="0" fillId="84" borderId="0" xfId="0" applyFill="1"><alignment vertical="center"/></xf><xf numFmtId="0" fontId="0" fillId="85" borderId="0" xfId="0" applyFill="1"><alignment vertical="center"/></xf><xf numFmtId="0" fontId="0" fillId="86" borderId="0" xfId="0" applyFill="1"><alignment vertical="center"/></xf><xf numFmtId="0" fontId="0" fillId="87" borderId="0" xfId="0" applyFill="1"><alignment vertical="center"/></xf><xf numFmtId="0" fontId="0" fillId="88" borderId="0" xfId="0" applyFill="1"><alignment vertical="center"/></xf><xf numFmtId="0" fontId="0" fillId="89" borderId="0" xfId="0" applyFill="1"><alignment vertical="center"/></xf><xf numFmtId="0" fontId="0" fillId="90" borderId="0" xfId="0" applyFill="1"><alignment vertical="center"/></xf><xf numFmtId="0" fontId="0" fillId="91" borderId="0" xfId="0" applyFill="1"><alignment vertical="center"/></xf><xf numFmtId="0" fontId="0" fillId="92" borderId="0" xfId="0" applyFill="1"><alignment vertical="center"/></xf><xf numFmtId="0" fontId="0" fillId="93" borderId="0" xfId="0" applyFill="1"><alignment vertical="center"/></xf><xf numFmtId="0" fontId="0" fillId="94" borderId="0" xfId="0" applyFill="1"><alignment vertical="center"/></xf><xf numFmtId="0" fontId="0" fillId="95" borderId="0" xfId="0" applyFill="1"><alignment vertical="center"/></xf><xf numFmtId="0" fontId="0" fillId="96" borderId="0" xfId="0" applyFill="1"><alignment vertical="center"/></xf><xf numFmtId="0" fontId="0" fillId="97" borderId="0" xfId="0" applyFill="1"><alignment vertical="center"/></xf><xf numFmtId="0" fontId="0" fillId="98" borderId="0" xfId="0" applyFill="1"><alignment vertical="center"/></xf><xf numFmtId="0" fontId="0" fillId="99" borderId="0" xfId="0" applyFill="1"><alignment vertical="center"/></xf><xf numFmtId="0" fontId="0" fillId="100" borderId="0" xfId="0" applyFill="1"><alignment vertical="center"/></xf><xf numFmtId="0" fontId="0" fillId="101" borderId="0" xfId="0" applyFill="1"><alignment vertical="center"/></xf><xf numFmtId="0" fontId="0" fillId="102" borderId="0" xfId="0" applyFill="1"><alignment vertical="center"/></xf><xf numFmtId="0" fontId="0" fillId="103" borderId="0" xfId="0" applyFill="1"><alignment vertical="center"/></xf><xf numFmtId="0" fontId="0" fillId="104" borderId="0" xfId="0" applyFill="1"><alignment vertical="center"/></xf><xf numFmtId="0" fontId="0" fillId="105" borderId="0" xfId="0" applyFill="1"><alignment vertical="center"/></xf><xf numFmtId="0" fontId="0" fillId="106" borderId="0" xfId="0" applyFill="1"><alignment vertical="center"/></xf><xf numFmtId="0" fontId="0" fillId="107" borderId="0" xfId="0" applyFill="1"><alignment vertical="center"/></xf><xf numFmtId="0" fontId="0" fillId="108" borderId="0" xfId="0" applyFill="1"><alignment vertical="center"/></xf><xf numFmtId="0" fontId="0" fillId="109" borderId="0" xfId="0" applyFill="1"><alignment vertical="center"/></xf><xf numFmtId="0" fontId="0" fillId="110" borderId="0" xfId="0" applyFill="1"><alignment vertical="center"/></xf><xf numFmtId="0" fontId="0" fillId="111" borderId="0" xfId="0" applyFill="1"><alignment vertical="center"/></xf><xf numFmtId="0" fontId="0" fillId="112" borderId="0" xfId="0" applyFill="1"><alignment vertical="center"/></xf><xf numFmtId="0" fontId="0" fillId="112" borderId="0" xfId="0" applyFill="1" applyAlignment="1"/><xf numFmtId="0" fontId="0" fillId="113" borderId="0" xfId="0" applyFill="1"><alignment vertical="center"/></xf><xf numFmtId="0" fontId="0" fillId="114" borderId="0" xfId="0" applyFill="1"><alignment vertical="center"/></xf><xf numFmtId="0" fontId="0" fillId="115" borderId="0" xfId="0" applyFill="1"><alignment vertical="center"/></xf><xf numFmtId="0" fontId="0" fillId="116" borderId="0" xfId="0" applyFill="1"><alignment vertical="center"/></xf><xf numFmtId="0" fontId="9" fillId="0" borderId="0" xfId="0" applyFont="1" applyFill="1"><alignment vertical="center"/></xf><xf numFmtId="0" fontId="0" fillId="117" borderId="0" xfId="0" applyFill="1"><alignment vertical="center"/></xf></cellXfs><cellStyles count="5"><cellStyle name="60% - 輔色5" xfId="4" builtinId="48"/><cellStyle name="一般" xfId="0" builtinId="0"/><cellStyle name="好" xfId="1" builtinId="26"/><cellStyle name="輸入" xfId="3" builtinId="20"/><cellStyle name="壞" xfId="2" builtinId="27"/></cellStyles><dxfs count="0"/><tableStyles count="0" defaultTableStyle="TableStyleMedium2" defaultPivotStyle="PivotStyleLight16"/><colors><mruColors><color rgb="FF999999"/><color rgb="FF38A6A5"/><color rgb="FF1D6996"/><color rgb="FF5F4690"/><color rgb="FF888888"/><color rgb="FF661100"/><color rgb="FF882255"/><color rgb="FF999933"/><color rgb="FF44AA99"/><color rgb="FFAA4499"/></mruColors></colors><extLst><ext uri="{EB79DEF2-80B8-43e5-95BD-54CBDDF9020C}" xmlns:x14="http://schemas.microsoft.com/office/spreadsheetml/2009/9/main"><x14:slicerStyles defaultSlicerStyle="SlicerStyleLight1"/></ext><ext uri="{9260A510-F301-46a8-8635-F512D64BE5F5}" xmlns:x15="http://schemas.microsoft.com/office/spreadsheetml/2010/11/main"><x15:timelineStyles defaultTimelineStyle="TimeSlicerStyleLight1"/></ext></extLst></styleSheet>