<?xml version="1.0" encoding="UTF-8" standalone="yes"?>
<workbook xmlns="http://schemas.openxmlformats.org/spreadsheetml/2006/main" xmlns:r="http://schemas.openxmlformats.org/officeDocument/2006/relationships" xmlns:mc="http://schemas.openxmlformats.org/markup-compatibility/2006" mc:Ignorable="x15 xr xr6 xr10 xr2" xmlns:x15="http://schemas.microsoft.com/office/spreadsheetml/2010/11/main" xmlns:xr="http://schemas.microsoft.com/office/spreadsheetml/2014/revision" xmlns:xr6="http://schemas.microsoft.com/office/spreadsheetml/2016/revision6" xmlns:xr10="http://schemas.microsoft.com/office/spreadsheetml/2016/revision10" xmlns:xr2="http://schemas.microsoft.com/office/spreadsheetml/2015/revision2"><fileVersion appName="xl" lastEdited="7" lowestEdited="6" rupBuild="25225"/><workbookPr/><mc:AlternateContent xmlns:mc="http://schemas.openxmlformats.org/markup-compatibility/2006"><mc:Choice Requires="x15"><x15ac:absPath url="https://ncku365-my.sharepoint.com/personal/p96091050_ncku_edu_tw/Documents/論文程式/20220419論文程式相關資料備份/測試資料_20220407_機台間距離/測試資料_20220407/平行機設計/" xmlns:x15ac="http://schemas.microsoft.com/office/spreadsheetml/2010/11/ac"/></mc:Choice></mc:AlternateContent><xr:revisionPtr revIDLastSave="118" documentId="11_3C772D29B2CDC32EDD1BAEA9BBDF9E5F01A51EC3" xr6:coauthVersionLast="47" xr6:coauthVersionMax="47" xr10:uidLastSave="{D53761EF-B59B-45D3-8BF9-6F1E34374A0C}"/><bookViews><workbookView xWindow="-120" yWindow="-120" windowWidth="29040" windowHeight="15840" xr2:uid="{00000000-000D-0000-FFFF-FFFF00000000}"/></bookViews><sheets><sheet name="工作表1" sheetId="1" r:id="rId1"/></sheets><calcPr calcId="162913"/><extLst><ext uri="{140A7094-0E35-4892-8432-C4D2E57EDEB5}" xmlns:x15="http://schemas.microsoft.com/office/spreadsheetml/2010/11/main"><x15:workbookPr chartTrackingRefBase="1"/></ext></extLst></workbook>