<?xml version="1.0" encoding="UTF-8" standalone="yes"?>
<worksheet xmlns="http://schemas.openxmlformats.org/spreadsheetml/2006/main" xmlns:r="http://schemas.openxmlformats.org/officeDocument/2006/relationships" xmlns:xdr="http://schemas.openxmlformats.org/drawingml/2006/spreadsheetDrawing" xmlns:x14="http://schemas.microsoft.com/office/spreadsheetml/2009/9/main" xmlns:mc="http://schemas.openxmlformats.org/markup-compatibility/2006" mc:Ignorable="x14ac xr xr2 xr3" xmlns:x14ac="http://schemas.microsoft.com/office/spreadsheetml/2009/9/ac" xmlns:xr="http://schemas.microsoft.com/office/spreadsheetml/2014/revision" xmlns:xr2="http://schemas.microsoft.com/office/spreadsheetml/2015/revision2" xmlns:xr3="http://schemas.microsoft.com/office/spreadsheetml/2016/revision3" xr:uid="{00000000-0001-0000-0000-000000000000}"><dimension ref="A1:E107"/><sheetViews><sheetView tabSelected="1" workbookViewId="0"><selection activeCell="D21" sqref="D21"/></sheetView></sheetViews><sheetFormatPr defaultRowHeight="16.5"/><cols><col min="1" max="1" width="14.75" style="9" bestFit="1" customWidth="1"/><col min="2" max="2" width="18.125" bestFit="1" customWidth="1"/><col min="3" max="3" width="9" style="9"/></cols><sheetData><row r="1" spans="1:3"><c r="A1" s="120" t="s"><v>122</v></c><c r="B1" s="1" t="s"><v>12</v></c><c r="C1" s="33"/></row><row r="2" spans="1:3"><c r="A2" s="120" t="s"><v>123</v></c><c r="B2" s="1" t="s"><v>13</v></c><c r="C2" s="28"/></row><row r="3" spans="1:3"><c r="A3" s="120" t="s"><v>124</v></c><c r="B3" s="1" t="s"><v>117</v></c><c r="C3" s="29"/></row><row r="4" spans="1:3"><c r="A4" s="120" t="s"><v>125</v></c><c r="B4" s="1" t="s"><v>108</v></c><c r="C4" s="34"/></row><row r="5" spans="1:3"><c r="A5" s="120" t="s"><v>126</v></c><c r="B5" s="1" t="s"><v>109</v></c><c r="C5" s="32"/></row><row r="6" spans="1:3"><c r="A6" s="120" t="s"><v>127</v></c><c r="B6" s="1" t="s"><v>110</v></c><c r="C6" s="27"/></row><row r="7" spans="1:3"><c r="A7" s="120" t="s"><v>128</v></c><c r="B7" s="1" t="s"><v>111</v></c><c r="C7" s="35"/></row><row r="8" spans="1:3"><c r="A8" s="120" t="s"><v>129</v></c><c r="B8" s="1" t="s"><v>112</v></c><c r="C8" s="30"/></row><row r="9" spans="1:3"><c r="A9" s="120" t="s"><v>130</v></c><c r="B9" s="1" t="s"><v>113</v></c><c r="C9" s="31"/></row><row r="10" spans="1:3"><c r="A10" s="9" t="s"><v>190</v></c><c r="B10" s="1" t="s"><v>114</v></c><c r="C10" s="36"/></row><row r="11" spans="1:3"><c r="A11" s="120" t="s"><v>132</v></c><c r="B11" s="2" t="s"><v>115</v></c><c r="C11" s="37"/></row><row r="12" spans="1:3"><c r="A12" s="120" t="s"><v>133</v></c><c r="B12" s="2" t="s"><v>116</v></c><c r="C12" s="38"/></row><row r="13" spans="1:3"><c r="B13" s="2" t="s"><v>14</v></c><c r="C13" s="39"/></row><row r="14" spans="1:3"><c r="B14" s="2" t="s"><v>15</v></c><c r="C14" s="40"/></row><row r="15" spans="1:3"><c r="A15" s="62" t="s"><v>181</v></c><c r="B15" s="2" t="s"><v>16</v></c><c r="C15" s="41"/></row><row r="16" spans="1:3"><c r="A16" s="62" t="s"><v>182</v></c><c r="B16" s="2" t="s"><v>17</v></c><c r="C16" s="42"/></row><row r="17" spans="1:5"><c r="A17" s="62" t="s"><v>183</v></c><c r="B17" s="2" t="s"><v>18</v></c><c r="C17" s="43"/></row><row r="18" spans="1:5"><c r="A18" s="44"/><c r="B18" s="2" t="s"><v>19</v></c><c r="C18" s="44"/></row><row r="19" spans="1:5"><c r="A19" s="9" t="s"><v>184</v></c><c r="B19" s="2" t="s"><v>20</v></c><c r="C19" s="45"/></row><row r="20" spans="1:5"><c r="A20" s="9" t="s"><v>185</v></c><c r="B20" s="2" t="s"><v>21</v></c><c r="C20" s="46"/></row><row r="21" spans="1:5"><c r="A21" s="9" t="s"><v>186</v></c><c r="B21" t="s"><v>22</v></c><c r="C21" s="47"/></row><row r="22" spans="1:5"><c r="A22" s="9" t="s"><v>187</v></c><c r="B22" t="s"><v>23</v></c><c r="C22" s="48"/></row><row r="23" spans="1:5"><c r="A23" s="9" t="s"><v>188</v></c><c r="B23" t="s"><v>24</v></c><c r="C23" s="49"/></row><row r="24" spans="1:5"><c r="A24" s="9" t="s"><v>189</v></c><c r="B24" t="s"><v>25</v></c><c r="C24" s="50"/></row><row r="25" spans="1:5"><c r="A25" s="120" t="s"><v>131</v></c><c r="B25" t="s"><v>26</v></c><c r="C25" s="51"/><c r="E25" s="121"/></row><row r="26" spans="1:5"><c r="A26" s="9" t="s"><v>191</v></c><c r="B26" t="s"><v>27</v></c><c r="C26" s="52"/></row><row r="27" spans="1:5"><c r="A27" s="9" t="s"><v>192</v></c><c r="B27" t="s"><v>28</v></c><c r="C27" s="53"/></row><row r="28" spans="1:5"><c r="A28" s="9" t="s"><v>193</v></c><c r="B28" t="s"><v>29</v></c><c r="C28" s="54"/></row><row r="29" spans="1:5"><c r="A29" s="9" t="s"><v>194</v></c><c r="B29" t="s"><v>30</v></c><c r="C29" s="55"/></row><row r="30" spans="1:5"><c r="A30" s="9" t="s"><v>195</v></c><c r="B30" t="s"><v>31</v></c><c r="C30" s="56"/></row><row r="31" spans="1:5"><c r="B31" t="s"><v>32</v></c><c r="C31" s="57"/></row><row r="32" spans="1:5"><c r="A32" s="62" t="s"><v>134</v></c><c r="B32" t="s"><v>33</v></c><c r="C32" s="58"/></row><row r="33" spans="1:3"><c r="A33" s="62" t="s"><v>135</v></c><c r="B33" t="s"><v>34</v></c><c r="C33" s="59"/></row><row r="34" spans="1:3"><c r="A34" s="62" t="s"><v>136</v></c><c r="B34" t="s"><v>35</v></c><c r="C34" s="60"/></row><row r="35" spans="1:3"><c r="A35" s="62" t="s"><v>137</v></c><c r="B35" s="62" t="s"><v>36</v></c><c r="C35" s="61"/></row><row r="36" spans="1:3"><c r="A36" s="62" t="s"><v>138</v></c><c r="B36" t="s"><v>37</v></c><c r="C36" s="63"/></row><row r="37" spans="1:3"><c r="A37" s="62" t="s"><v>139</v></c><c r="B37" t="s"><v>38</v></c><c r="C37" s="64"/></row><row r="38" spans="1:3"><c r="A38" s="62" t="s"><v>140</v></c><c r="B38" s="62" t="s"><v>39</v></c><c r="C38" s="65"/></row><row r="39" spans="1:3"><c r="A39" s="62" t="s"><v>141</v></c><c r="B39" t="s"><v>40</v></c><c r="C39" s="66"/></row><row r="40" spans="1:3"><c r="A40" s="67"/><c r="B40" t="s"><v>41</v></c><c r="C40" s="67"/></row><row r="41" spans="1:3"><c r="A41" s="62" t="s"><v>142</v></c><c r="B41" s="4" t="s"><v>42</v></c><c r="C41" s="82"/></row><row r="42" spans="1:3"><c r="A42" s="62" t="s"><v>143</v></c><c r="B42" s="4" t="s"><v>43</v></c><c r="C42" s="83"/></row><row r="43" spans="1:3"><c r="A43" s="62" t="s"><v>144</v></c><c r="B43" s="4" t="s"><v>44</v></c><c r="C43" s="84"/></row><row r="44" spans="1:3"><c r="A44" s="62" t="s"><v>145</v></c><c r="B44" s="4" t="s"><v>45</v></c><c r="C44" s="85"/></row><row r="45" spans="1:3"><c r="A45" s="62" t="s"><v>146</v></c><c r="B45" s="4" t="s"><v>46</v></c><c r="C45" s="86"/></row><row r="46" spans="1:3"><c r="A46" s="62" t="s"><v>147</v></c><c r="B46" s="4" t="s"><v>47</v></c><c r="C46" s="87"/></row><row r="47" spans="1:3"><c r="A47" s="62" t="s"><v>148</v></c><c r="B47" s="4" t="s"><v>48</v></c><c r="C47" s="88"/></row><row r="48" spans="1:3"><c r="A48" s="62" t="s"><v>149</v></c><c r="B48" s="4" t="s"><v>49</v></c><c r="C48" s="89"/></row><row r="49" spans="1:3"><c r="A49" s="62" t="s"><v>150</v></c><c r="B49" s="4" t="s"><v>50</v></c><c r="C49" s="90"/></row><row r="50" spans="1:3"><c r="A50" s="91"/><c r="B50" s="4" t="s"><v>51</v></c><c r="C50" s="91"/></row><row r="51" spans="1:3"><c r="A51" s="62" t="s"><v>151</v></c><c r="B51" s="5" t="s"><v>85</v></c><c r="C51" s="92"/></row><row r="52" spans="1:3"><c r="A52" s="62" t="s"><v>152</v></c><c r="B52" s="5" t="s"><v>52</v></c><c r="C52" s="93"/></row><row r="53" spans="1:3"><c r="A53" s="62" t="s"><v>153</v></c><c r="B53" s="5" t="s"><v>53</v></c><c r="C53" s="94"/></row><row r="54" spans="1:3"><c r="A54" s="62" t="s"><v>154</v></c><c r="B54" s="5" t="s"><v>54</v></c><c r="C54" s="95"/></row><row r="55" spans="1:3"><c r="A55" s="62" t="s"><v>155</v></c><c r="B55" s="5" t="s"><v>55</v></c><c r="C55" s="96"/></row><row r="56" spans="1:3"><c r="A56" s="62" t="s"><v>156</v></c><c r="B56" s="5" t="s"><v>56</v></c><c r="C56" s="97"/></row><row r="57" spans="1:3"><c r="A57" s="62" t="s"><v>157</v></c><c r="B57" s="5" t="s"><v>57</v></c><c r="C57" s="98"/></row><row r="58" spans="1:3"><c r="A58" s="62" t="s"><v>158</v></c><c r="B58" s="5" t="s"><v>58</v></c><c r="C58" s="99"/></row><row r="59" spans="1:3"><c r="A59" s="62" t="s"><v>159</v></c><c r="B59" s="5" t="s"><v>59</v></c><c r="C59" s="100"/></row><row r="60" spans="1:3"><c r="A60" s="62" t="s"><v>160</v></c><c r="B60" s="5" t="s"><v>60</v></c><c r="C60" s="101"/></row><row r="61" spans="1:3"><c r="A61" s="62" t="s"><v>161</v></c><c r="B61" s="5" t="s"><v>61</v></c><c r="C61" s="102"/></row><row r="62" spans="1:3"><c r="A62" s="62" t="s"><v>162</v></c><c r="B62" s="5" t="s"><v>62</v></c><c r="C62" s="103"/></row><row r="63" spans="1:3"><c r="A63" s="62" t="s"><v>163</v></c><c r="B63" s="3" t="s"><v>63</v></c><c r="C63" s="104"/></row><row r="64" spans="1:3"><c r="A64" s="62" t="s"><v>164</v></c><c r="B64" s="3" t="s"><v>64</v></c><c r="C64" s="105"/></row><row r="65" spans="1:3"><c r="A65" s="62" t="s"><v>165</v></c><c r="B65" s="3" t="s"><v>65</v></c><c r="C65" s="106"/></row><row r="66" spans="1:3"><c r="A66" s="10"/><c r="B66" s="3" t="s"><v>66</v></c><c r="C66" s="107"/></row><row r="67" spans="1:3"><c r="A67" s="10"/><c r="B67" s="3" t="s"><v>67</v></c><c r="C67" s="108"/></row><row r="68" spans="1:3"><c r="A68" s="10"/><c r="B68" s="3" t="s"><v>68</v></c><c r="C68" s="109"/></row><row r="69" spans="1:3"><c r="A69" s="10"/><c r="B69" s="3" t="s"><v>69</v></c><c r="C69" s="110"/></row><row r="70" spans="1:3"><c r="A70" s="10"/><c r="B70" s="3" t="s"><v>70</v></c><c r="C70" s="111"/></row><row r="71" spans="1:3"><c r="A71" s="10"/><c r="B71" s="3" t="s"><v>71</v></c><c r="C71" s="112"/></row><row r="72" spans="1:3"><c r="A72" s="10"/><c r="B72" s="3" t="s"><v>72</v></c><c r="C72" s="113"/></row><row r="73" spans="1:3"><c r="A73" s="115"/><c r="B73" s="3" t="s"><v>73</v></c><c r="C73" s="114"/></row><row r="74" spans="1:3"><c r="A74" s="10"/><c r="B74" s="6" t="s"><v>74</v></c><c r="C74" s="71"/></row><row r="75" spans="1:3"><c r="A75" s="62" t="s"><v>166</v></c><c r="B75" s="6" t="s"><v>75</v></c><c r="C75" s="72"/></row><row r="76" spans="1:3"><c r="A76" s="62" t="s"><v>167</v></c><c r="B76" s="6" t="s"><v>76</v></c><c r="C76" s="73"/></row><row r="77" spans="1:3"><c r="A77" s="62" t="s"><v>168</v></c><c r="B77" s="6" t="s"><v>77</v></c><c r="C77" s="74"/></row><row r="78" spans="1:3"><c r="A78" s="62" t="s"><v>169</v></c><c r="B78" s="6" t="s"><v>78</v></c><c r="C78" s="75"/></row><row r="79" spans="1:3"><c r="A79" s="62" t="s"><v>170</v></c><c r="B79" s="6" t="s"><v>79</v></c><c r="C79" s="76"/></row><row r="80" spans="1:3"><c r="A80" s="62" t="s"><v>171</v></c><c r="B80" s="6" t="s"><v>80</v></c><c r="C80" s="77"/></row><row r="81" spans="1:3"><c r="A81" s="62" t="s"><v>172</v></c><c r="B81" s="6" t="s"><v>81</v></c><c r="C81" s="78"/></row><row r="82" spans="1:3"><c r="A82" s="62" t="s"><v>173</v></c><c r="B82" s="6" t="s"><v>82</v></c><c r="C82" s="79"/></row><row r="83" spans="1:3"><c r="A83" s="62" t="s"><v>174</v></c><c r="B83" s="6" t="s"><v>83</v></c><c r="C83" s="80"/></row><row r="84" spans="1:3"><c r="A84" s="81"/><c r="B84" s="6" t="s"><v>84</v></c><c r="C84" s="81"/></row><row r="85" spans="1:3"><c r="A85" s="62" t="s"><v>175</v></c><c r="B85" s="8" t="s"><v>86</v></c><c r="C85" s="70"/></row><row r="86" spans="1:3"><c r="A86" s="62" t="s"><v>176</v></c><c r="B86" s="8" t="s"><v>87</v></c><c r="C86" s="69"/></row><row r="87" spans="1:3"><c r="A87" s="62" t="s"><v>177</v></c><c r="B87" s="8" t="s"><v>88</v></c><c r="C87" s="68"/></row><row r="88" spans="1:3"><c r="A88" s="62" t="s"><v>178</v></c><c r="B88" s="8" t="s"><v>89</v></c><c r="C88" s="11"/></row><row r="89" spans="1:3"><c r="A89" s="62" t="s"><v>179</v></c><c r="B89" s="8" t="s"><v>90</v></c><c r="C89" s="12"/></row><row r="90" spans="1:3"><c r="A90" s="62" t="s"><v>180</v></c><c r="B90" s="8" t="s"><v>91</v></c><c r="C90" s="13"/></row><row r="91" spans="1:3"><c r="A91" s="14"/><c r="B91" s="8" t="s"><v>92</v></c><c r="C91" s="14"/></row><row r="92" spans="1:3"><c r="A92" s="15"/><c r="B92" s="8" t="s"><v>93</v></c><c r="C92" s="15"/></row><row r="93" spans="1:3"><c r="A93" s="10" t="s"><v>119</v></c><c r="B93" s="7" t="s"><v>94</v></c><c r="C93" s="16"/></row><row r="94" spans="1:3"><c r="A94" s="10" t="s"><v>120</v></c><c r="B94" s="7" t="s"><v>95</v></c><c r="C94" s="17"/></row><row r="95" spans="1:3"><c r="A95" s="10" t="s"><v>0</v></c><c r="B95" s="7" t="s"><v>96</v></c><c r="C95" s="18"/></row><row r="96" spans="1:3"><c r="A96" s="10" t="s"><v>1</v></c><c r="B96" s="7" t="s"><v>97</v></c><c r="C96" s="19"/></row><row r="97" spans="1:3"><c r="A97" s="10" t="s"><v>2</v></c><c r="B97" s="7" t="s"><v>98</v></c><c r="C97" s="20"/></row><row r="98" spans="1:3"><c r="A98" s="10" t="s"><v>3</v></c><c r="B98" s="7" t="s"><v>99</v></c><c r="C98" s="21"/></row><row r="99" spans="1:3"><c r="A99" s="10" t="s"><v>4</v></c><c r="B99" s="7" t="s"><v>100</v></c><c r="C99" s="22"/></row><row r="100" spans="1:3"><c r="A100" s="10" t="s"><v>5</v></c><c r="B100" s="7" t="s"><v>101</v></c><c r="C100" s="23"/></row><row r="101" spans="1:3"><c r="A101" s="10" t="s"><v>6</v></c><c r="B101" s="7" t="s"><v>102</v></c><c r="C101" s="24"/></row><row r="102" spans="1:3"><c r="A102" s="10" t="s"><v>7</v></c><c r="B102" s="7" t="s"><v>103</v></c><c r="C102" s="25"/></row><row r="103" spans="1:3"><c r="A103" s="10" t="s"><v>8</v></c><c r="B103" s="7" t="s"><v>104</v></c><c r="C103" s="26"/></row><row r="104" spans="1:3"><c r="A104" s="10" t="s"><v>9</v></c><c r="B104" t="s"><v>105</v></c><c r="C104" s="116"/></row><row r="105" spans="1:3"><c r="A105" s="10" t="s"><v>10</v></c><c r="B105" t="s"><v>106</v></c><c r="C105" s="117"/></row><row r="106" spans="1:3"><c r="A106" s="10" t="s"><v>11</v></c><c r="B106" t="s"><v>107</v></c><c r="C106" s="118"/></row><row r="107" spans="1:3"><c r="A107" s="10" t="s"><v>121</v></c><c r="B107" s="9" t="s"><v>118</v></c><c r="C107" s="119"/></row></sheetData><phoneticPr fontId="5" type="noConversion"/><pageMargins left="0.7" right="0.7" top="0.75" bottom="0.75" header="0.3" footer="0.3"/><pageSetup paperSize="9" orientation="portrait" r:id="rId1"/><legacyDrawing r:id="rId2"/></worksheet>