<?xml version="1.0" encoding="UTF-8" standalone="yes"?>
<cp:coreProperties xmlns:cp="http://schemas.openxmlformats.org/package/2006/metadata/core-properties" xmlns:dc="http://purl.org/dc/elements/1.1/" xmlns:dcterms="http://purl.org/dc/terms/" xmlns:dcmitype="http://purl.org/dc/dcmitype/" xmlns:xsi="http://www.w3.org/2001/XMLSchema-instance"><dc:creator>ZhiXiang</dc:creator><cp:lastModifiedBy>智翔 游</cp:lastModifiedBy><dcterms:created xsi:type="dcterms:W3CDTF">2021-08-25T08:45:21Z</dcterms:created><dcterms:modified xsi:type="dcterms:W3CDTF">2022-06-02T07:37:44Z</dcterms:modified></cp:coreProperties>